N,L,K_c,Target_Kc,Alpha,Min_Rho,Sign_Flips,Oscillation
4,2,0.7939698492462312,6.283185307179586,0.12636422617346466,-0.8143475040899276,1,1
16,4,0.4020100502512563,3.141592653589793,0.12796377334021736,-0.6107606280674457,3,1
64,8,0.20100502512562815,1.5707963267948966,0.12796377334021736,-0.7125540660786864,7,1
256,16,0.10050251256281408,0.7853981633974483,0.12796377334021736,-0.7634507850843069,14,1
